"Date","Price","Open","High","Low","Vol.","Change %"
"Jan 01, 2015","154.53","154.40","155.60","153.30","633.48K","-0.03%"
"Jan 02, 2015","158.55","154.98","159.60","154.60","1.26M","2.60%"
"Jan 05, 2015","159.08","159.80","160.90","157.96","1.26M","0.33%"
"Jan 06, 2015","154.34","158.00","158.00","153.67","1.58M","-2.98%"
"Jan 07, 2015","151.53","154.40","155.30","150.97","1.54M","-1.82%"
"Jan 08, 2015","153.76","153.49","154.80","152.29","1.05M","1.47%"
"Jan 09, 2015","152.93","155.60","156.40","150.47","1.47M","-0.54%"
"Jan 12, 2015","155.58","153.38","156.43","151.81","1.10M","1.73%"
"Jan 13, 2015","156.41","156.40","159.80","155.28","1.51M","0.53%"
"Jan 14, 2015","157.36","157.42","158.71","155.35","3.93M","0.61%"
"Jan 15, 2015","162.56","163.28","164.92","161.40","2.68M","3.30%"
"Jan 16, 2015","160.59","162.60","163.80","160.02","1.09M","-1.21%"
"Jan 19, 2015","164.97","161.79","165.38","161.29","1.33M","2.73%"
"Jan 20, 2015","171.65","165.78","172.80","165.30","2.19M","4.05%"
"Jan 21, 2015","171.01","172.16","175.80","170.05","2.38M","-0.37%"
"Jan 22, 2015","170.92","171.45","172.40","168.47","1.64M","-0.05%"
"Jan 23, 2015","175.06","172.70","176.21","171.68","1.74M","2.42%"
"Jan 27, 2015","176.49","175.82","176.98","172.50","1.23M","0.82%"
"Jan 28, 2015","176.67","177.00","179.00","174.91","1.70M","0.10%"
"Jan 29, 2015","174.80","176.50","177.58","174.40","1.20M","-1.06%"
"Jan 30, 2015","172.50","175.25","177.18","171.50","1.37M","-1.32%"
"Feb 02, 2015","166.45","172.50","172.50","163.81","3.35M","-3.51%"
"Feb 03, 2015","161.30","167.25","168.17","160.26","2.88M","-3.09%"
"Feb 04, 2015","160.18","162.01","164.40","158.22","2.00M","-0.69%"
"Feb 05, 2015","161.64","159.90","165.28","158.81","2.10M","0.91%"
"Feb 06, 2015","161.96","161.98","164.31","159.63","1.53M","0.20%"
"Feb 09, 2015","159.53","161.54","161.55","158.46","1.56M","-1.50%"
"Feb 10, 2015","163.54","158.42","165.75","156.77","3.08M","2.51%"
"Feb 11, 2015","165.33","163.80","166.98","163.80","1.67M","1.09%"
"Feb 12, 2015","167.71","165.00","168.22","163.15","1.63M","1.44%"
"Feb 13, 2015","167.03","167.80","168.98","166.31","1.26M","-0.41%"
"Feb 16, 2015","162.98","167.40","168.35","162.17","1.36M","-2.42%"
"Feb 18, 2015","163.90","162.62","164.90","161.33","1.48M","0.56%"
"Feb 19, 2015","162.60","164.02","165.45","160.55","1.11M","-0.79%"
"Feb 20, 2015","164.89","162.60","166.40","161.12","1.48M","1.41%"
"Feb 23, 2015","162.28","168.00","168.24","161.62","1.62M","-1.58%"
"Feb 24, 2015","160.01","162.38","162.59","159.20","1.65M","-1.40%"
"Feb 25, 2015","158.97","160.80","162.16","158.52","1.31M","-0.65%"
"Feb 26, 2015","156.70","159.30","160.20","156.10","1.83M","-1.43%"
"Feb 27, 2015","164.17","157.40","164.74","157.24","1.99M","4.77%"
"Feb 28, 2015","172.55","166.30","173.88","162.50","4.69M","5.10%"
"Mar 02, 2015","176.38","174.80","177.70","173.20","3.48M","2.22%"
"Mar 03, 2015","175.80","176.60","176.90","173.04","1.59M","-0.33%"
"Mar 04, 2015","171.68","180.00","182.00","170.55","3.19M","-2.34%"
"Mar 05, 2015","171.35","171.40","173.02","168.59","1.49M","-0.19%"
"Mar 09, 2015","164.71","170.54","170.54","164.20","1.51M","-3.88%"
"Mar 10, 2015","165.46","165.00","169.20","163.41","1.89M","0.46%"
"Mar 11, 2015","164.61","165.30","166.60","163.25","1.57M","-0.51%"
"Mar 12, 2015","164.58","165.80","166.77","164.00","1.12M","-0.02%"
"Mar 13, 2015","160.64","165.40","166.51","159.40","1.95M","-2.39%"
"Mar 16, 2015","162.74","161.24","163.83","159.55","1.43M","1.31%"
"Mar 17, 2015","166.59","164.02","167.43","163.44","1.45M","2.37%"
"Mar 18, 2015","170.75","167.40","171.64","165.86","2.35M","2.50%"
"Mar 19, 2015","166.66","172.60","173.97","164.26","1.94M","-2.40%"
"Mar 20, 2015","166.45","165.58","168.25","163.38","1.99M","-0.13%"
"Mar 23, 2015","165.50","166.67","167.82","164.72","1.00M","-0.57%"
"Mar 24, 2015","164.51","166.00","167.14","162.42","1.97M","-0.60%"
"Mar 25, 2015","161.50","166.00","166.00","161.10","1.63M","-1.83%"
"Mar 26, 2015","161.16","160.20","162.73","158.62","1.82M","-0.21%"
"Mar 27, 2015","163.14","162.20","164.20","156.80","2.82M","1.23%"
"Mar 30, 2015","164.63","164.10","165.40","163.06","1.02M","0.91%"
"Mar 31, 2015","163.31","165.38","166.80","162.60","1.49M","-0.80%"
"Apr 01, 2015","169.40","162.80","170.56","161.80","1.69M","3.73%"
"Apr 06, 2015","169.16","169.50","171.40","168.30","1.30M","-0.14%"
"Apr 07, 2015","168.24","169.60","170.40","167.25","1.20M","-0.54%"
"Apr 08, 2015","164.10","167.60","168.62","163.79","2.41M","-2.46%"
"Apr 09, 2015","168.48","164.90","168.98","164.19","1.70M","2.67%"
"Apr 10, 2015","168.38","169.00","170.00","167.63","1.13M","-0.06%"
"Apr 13, 2015","168.18","168.44","169.40","167.26","833.61K","-0.12%"
"Apr 15, 2015","169.13","168.96","172.80","167.25","2.75M","0.56%"
"Apr 16, 2015","170.02","169.40","170.90","167.09","1.26M","0.53%"
"Apr 17, 2015","162.05","169.80","169.80","161.20","1.73M","-4.69%"
"Apr 20, 2015","157.54","162.40","163.24","155.34","2.09M","-2.78%"
"Apr 21, 2015","156.91","157.00","160.56","154.53","1.64M","-0.40%"
"Apr 22, 2015","159.15","158.00","160.28","155.32","5.16M","1.43%"
"Apr 23, 2015","170.28","160.90","170.90","160.84","6.04M","6.99%"
"Apr 24, 2015","164.83","170.80","171.00","164.10","1.84M","-3.20%"
"Apr 27, 2015","162.24","166.22","166.22","161.00","1.39M","-1.57%"
"Apr 28, 2015","165.14","162.62","166.38","161.28","2.37M","1.79%"
"Apr 29, 2015","166.86","164.96","168.78","164.10","1.30M","1.04%"
"Apr 30, 2015","167.96","167.00","169.69","165.40","1.22M","0.66%"
"May 04, 2015","170.71","170.00","171.78","169.40","791.77K","1.64%"
"May 05, 2015","171.47","170.74","172.98","169.80","1.10M","0.45%"
"May 06, 2015","164.24","170.98","170.98","163.40","1.56M","-4.22%"
"May 07, 2015","159.75","164.00","164.02","157.80","1.45M","-2.73%"
"May 08, 2015","165.25","162.02","165.83","160.96","1.66M","3.44%"
"May 11, 2015","169.01","167.00","169.67","165.63","1.26M","2.28%"
"May 12, 2015","164.62","168.87","168.87","163.60","1.94M","-2.60%"
"May 13, 2015","168.14","164.92","169.94","164.92","2.65M","2.14%"
"May 14, 2015","167.73","168.45","169.00","165.40","1.19M","-0.24%"
"May 15, 2015","170.03","168.60","172.79","168.59","1.71M","1.37%"
"May 18, 2015","172.91","170.40","173.68","170.40","1.06M","1.69%"
"May 19, 2015","172.82","173.20","175.49","171.71","2.08M","-0.05%"
"May 20, 2015","174.96","173.80","175.88","173.33","1.17M","1.24%"
"May 21, 2015","172.40","174.36","174.36","170.71","1.14M","-1.46%"
"May 22, 2015","173.36","172.80","174.50","172.20","2.19M","0.56%"
"May 25, 2015","170.69","173.30","173.30","170.00","877.82K","-1.54%"
"May 26, 2015","172.34","170.82","173.20","169.19","912.78K","0.97%"
"May 27, 2015","174.09","171.00","174.76","169.87","1.09M","1.02%"
"May 28, 2015","171.86","174.09","175.20","171.40","952.29K","-1.28%"
"May 29, 2015","176.52","172.40","176.96","172.40","1.25M","2.71%"
"Jun 01, 2015","175.87","177.00","179.40","175.50","971.67K","-0.37%"
"Jun 02, 2015","169.32","177.58","177.58","168.37","2.46M","-3.72%"
"Jun 03, 2015","165.85","168.90","169.32","165.15","2.47M","-2.05%"
"Jun 04, 2015","165.61","166.95","167.00","164.04","3.28M","-0.14%"
"Jun 05, 2015","164.46","165.60","168.24","163.90","1.89M","-0.69%"
"Jun 08, 2015","164.62","165.20","165.94","163.22","1.73M","0.10%"
"Jun 09, 2015","164.53","165.00","166.98","163.78","946.63K","-0.05%"
"Jun 10, 2015","166.69","164.56","167.11","164.56","1.12M","1.31%"
"Jun 11, 2015","160.95","167.80","168.65","160.50","2.10M","-3.44%"
"Jun 12, 2015","161.17","159.40","162.18","158.90","1.95M","0.14%"
"Jun 15, 2015","160.91","161.71","162.94","159.65","1.43M","-0.16%"
"Jun 16, 2015","163.18","161.00","163.80","159.22","1.50M","1.41%"
"Jun 17, 2015","163.14","163.50","164.62","162.29","1.37M","-0.02%"
"Jun 18, 2015","164.50","162.00","165.54","161.51","1.77M","0.83%"
"Jun 19, 2015","166.00","165.40","167.00","164.43","1.14M","0.91%"
"Jun 22, 2015","171.76","166.28","172.68","166.28","1.86M","3.47%"
"Jun 23, 2015","173.34","172.60","173.96","171.21","1.20M","0.92%"
"Jun 24, 2015","171.82","171.99","174.68","170.45","1.08M","-0.88%"
"Jun 25, 2015","171.66","171.22","173.00","170.32","871.43K","-0.09%"
"Jun 26, 2015","170.07","171.66","171.66","167.87","2.05M","-0.93%"
"Jun 29, 2015","167.50","165.80","168.00","164.92","1.51M","-1.51%"
"Jun 30, 2015","168.60","167.43","169.11","166.88","1.31M","0.66%"
"Jul 01, 2015","173.44","169.00","174.11","168.40","1.17M","2.87%"
"Jul 02, 2015","173.88","173.98","175.58","173.40","828.02K","0.25%"
"Jul 03, 2015","174.37","174.00","174.98","172.60","746.58K","0.28%"
"Jul 06, 2015","173.94","171.80","174.40","171.03","1.05M","-0.25%"
"Jul 07, 2015","172.33","174.10","175.55","171.30","778.91K","-0.93%"
"Jul 08, 2015","159.47","170.20","170.20","158.49","5.31M","-7.46%"
"Jul 09, 2015","160.10","161.98","164.00","159.34","2.54M","0.40%"
"Jul 10, 2015","161.84","161.40","162.94","161.00","1.29M","1.09%"
"Jul 13, 2015","163.08","163.12","164.10","157.67","2.83M","0.77%"
"Jul 14, 2015","162.41","163.96","164.38","161.21","1.44M","-0.41%"
"Jul 15, 2015","160.90","162.79","163.01","160.25","1.57M","-0.93%"
"Jul 16, 2015","165.90","161.40","167.11","161.08","3.64M","3.11%"
"Jul 17, 2015","164.90","164.80","167.09","162.46","3.03M","-0.60%"
"Jul 20, 2015","163.80","164.41","165.45","162.90","1.48M","-0.67%"
"Jul 21, 2015","161.55","163.40","164.44","161.04","1.29M","-1.37%"
"Jul 22, 2015","164.67","162.00","165.00","160.37","1.41M","1.93%"
"Jul 23, 2015","164.80","164.20","166.32","163.00","1.74M","0.08%"
"Jul 24, 2015","161.73","163.00","165.45","161.20","1.31M","-1.86%"
"Jul 27, 2015","156.92","161.20","161.73","156.45","2.26M","-2.97%"
"Jul 28, 2015","158.93","157.00","159.98","156.90","1.42M","1.28%"
"Jul 29, 2015","163.14","160.78","164.00","159.30","3.94M","2.65%"
"Jul 30, 2015","162.49","164.50","165.14","162.11","1.35M","-0.40%"
"Jul 31, 2015","165.74","163.94","168.00","162.91","1.97M","2.00%"
"Aug 03, 2015","166.34","165.90","168.07","165.00","1.15M","0.36%"
"Aug 04, 2015","167.94","167.00","168.40","165.13","1.78M","0.96%"
"Aug 05, 2015","166.10","168.32","169.19","165.90","817.66K","-1.10%"
"Aug 06, 2015","165.52","167.00","167.20","165.00","814.84K","-0.35%"
"Aug 07, 2015","164.40","166.00","166.00","163.70","590.17K","-0.68%"
"Aug 10, 2015","163.39","164.80","166.80","162.52","846.84K","-0.61%"
"Aug 11, 2015","159.68","164.20","164.64","159.40","1.13M","-2.27%"
"Aug 12, 2015","154.07","159.40","159.40","153.35","1.62M","-3.51%"
"Aug 13, 2015","152.79","154.80","156.84","151.76","1.93M","-0.83%"
"Aug 14, 2015","159.34","153.60","159.74","153.11","1.90M","4.29%"
"Aug 17, 2015","158.12","160.00","160.63","156.70","936.18K","-0.77%"
"Aug 18, 2015","157.20","159.00","160.00","156.41","956.85K","-0.58%"
"Aug 19, 2015","154.89","159.80","159.80","154.40","1.01M","-1.47%"
"Aug 20, 2015","143.88","155.00","155.26","140.86","4.73M","-7.11%"
"Aug 21, 2015","138.30","142.00","142.00","136.02","4.44M","-3.88%"
"Aug 24, 2015","125.82","132.20","132.20","118.00","5.20M","-9.02%"
"Aug 25, 2015","135.99","128.82","136.70","127.55","4.39M","8.08%"
"Aug 26, 2015","136.34","136.00","138.81","132.62","2.85M","0.26%"
"Aug 27, 2015","137.48","140.44","141.00","133.91","2.85M","0.84%"
"Aug 28, 2015","135.23","139.04","140.29","132.11","3.30M","-1.64%"
"Aug 31, 2015","137.90","134.24","138.79","134.24","1.61M","1.97%"
"Sep 01, 2015","133.28","135.61","135.98","130.71","3.29M","-3.35%"
"Sep 02, 2015","131.95","134.62","135.40","130.43","2.75M","-1.00%"
"Sep 03, 2015","134.25","133.40","135.31","132.29","5.16M","1.74%"
"Sep 04, 2015","129.27","132.44","133.20","127.00","3.07M","-3.71%"
"Sep 07, 2015","130.06","129.80","131.31","128.27","1.86M","0.61%"
"Sep 08, 2015","139.20","131.10","140.00","130.70","4.62M","7.03%"
"Sep 09, 2015","143.10","143.40","144.60","142.00","2.30M","2.80%"
"Sep 10, 2015","142.63","138.31","144.00","137.60","2.08M","-0.33%"
"Sep 11, 2015","142.29","143.40","145.19","140.90","1.62M","-0.24%"
"Sep 14, 2015","146.28","142.92","146.82","141.20","1.93M","2.80%"
"Sep 15, 2015","145.87","146.80","148.20","145.20","2.03M","-0.28%"
"Sep 16, 2015","151.67","147.54","152.07","147.00","2.56M","3.98%"
"Sep 18, 2015","154.04","153.20","155.50","153.00","2.04M","1.56%"
"Sep 21, 2015","153.75","152.42","154.50","151.10","1.81M","-0.19%"
"Sep 22, 2015","146.62","154.60","155.00","144.60","2.84M","-4.64%"
"Sep 23, 2015","147.70","144.60","148.75","142.93","2.56M","0.74%"
"Sep 24, 2015","144.18","147.63","148.77","143.60","2.04M","-2.38%"
"Sep 28, 2015","145.95","145.00","148.20","144.00","1.97M","1.23%"
"Sep 29, 2015","147.65","144.42","149.80","140.56","5.22M","1.16%"
"Sep 30, 2015","145.92","149.07","150.82","144.76","2.44M","-1.17%"
"Oct 01, 2015","145.66","146.96","147.95","143.02","2.51M","-0.18%"
"Oct 05, 2015","150.12","146.60","150.56","146.60","1.48M","3.06%"
"Oct 06, 2015","148.81","150.12","151.34","147.35","1.87M","-0.87%"
"Oct 07, 2015","147.40","148.80","149.18","146.80","1.34M","-0.95%"
"Oct 08, 2015","145.72","146.60","147.20","144.40","1.48M","-1.14%"
"Oct 09, 2015","145.04","146.60","148.40","144.10","1.54M","-0.47%"
"Oct 12, 2015","144.84","146.00","147.30","144.15","1.26M","-0.14%"
"Oct 13, 2015","146.76","145.00","147.20","144.90","1.60M","1.33%"
"Oct 14, 2015","147.70","147.00","148.50","146.02","905.40K","0.64%"
"Oct 15, 2015","151.80","148.60","152.08","148.38","1.39M","2.78%"
"Oct 16, 2015","154.62","152.00","154.81","150.34","1.53M","1.86%"
"Oct 19, 2015","154.01","154.99","155.25","153.32","679.26K","-0.39%"
"Oct 20, 2015","154.03","154.74","155.60","152.30","924.52K","0.01%"
"Oct 21, 2015","153.04","154.20","155.01","151.40","925.33K","-0.64%"
"Oct 23, 2015","154.06","154.80","155.94","152.80","723.65K","0.67%"
"Oct 26, 2015","149.25","154.99","155.00","148.76","1.18M","-3.12%"
"Oct 27, 2015","150.23","149.00","151.18","148.44","1.01M","0.66%"
"Oct 28, 2015","145.86","148.62","149.60","143.81","1.31M","-2.91%"
"Oct 29, 2015","148.70","146.20","149.48","141.73","6.29M","1.95%"
"Oct 30, 2015","151.82","150.00","153.00","149.40","1.91M","2.10%"
"Nov 02, 2015","154.09","151.73","154.50","150.50","1.41M","1.50%"
"Nov 03, 2015","155.82","154.44","156.20","153.30","1.18M","1.12%"
"Nov 04, 2015","156.64","156.64","157.96","156.23","754.37K","0.53%"
"Nov 05, 2015","152.27","156.30","156.30","151.80","1.26M","-2.79%"
"Nov 06, 2015","151.69","152.68","154.72","150.08","1.41M","-0.38%"
"Nov 09, 2015","152.47","149.00","153.61","147.12","1.40M","0.51%"
"Nov 10, 2015","147.92","152.00","153.36","147.41","1.56M","-2.98%"
"Nov 11, 2015","151.34","150.00","151.86","150.00","371.08K","2.31%"
"Nov 13, 2015","147.49","151.04","151.50","146.69","1.71M","-2.54%"
"Nov 16, 2015","150.17","148.00","150.59","147.26","1.39M","1.82%"
"Nov 17, 2015","149.04","151.22","151.40","147.37","885.82K","-0.75%"
"Nov 18, 2015","144.61","149.00","150.00","144.03","1.29M","-2.97%"
"Nov 19, 2015","146.63","145.80","146.94","144.81","1.04M","1.40%"
"Nov 20, 2015","146.34","147.00","148.29","145.04","1.39M","-0.20%"
"Nov 23, 2015","147.99","146.64","148.80","146.56","1.04M","1.13%"
"Nov 24, 2015","148.85","147.82","149.60","147.60","1.41M","0.58%"
"Nov 26, 2015","149.91","149.05","150.72","149.05","544.04K","0.71%"
"Nov 27, 2015","152.38","149.60","153.70","149.60","1.17M","1.65%"
"Nov 30, 2015","153.30","152.50","154.14","152.50","572.83K","0.60%"
"Dec 01, 2015","152.01","153.00","154.52","151.51","727.05K","-0.84%"
"Dec 02, 2015","149.91","152.64","153.00","149.42","705.16K","-1.38%"
"Dec 03, 2015","150.14","149.40","151.73","149.04","996.42K","0.15%"
"Dec 04, 2015","147.88","149.01","150.20","147.60","975.01K","-1.51%"
"Dec 07, 2015","147.01","148.52","149.20","146.50","619.06K","-0.59%"
"Dec 08, 2015","145.13","146.78","147.11","144.80","817.56K","-1.28%"
"Dec 09, 2015","143.24","145.40","147.00","142.62","1.51M","-1.30%"
"Dec 10, 2015","141.39","144.00","144.47","140.44","2.00M","-1.29%"
"Dec 11, 2015","136.15","142.20","142.73","134.50","3.61M","-3.71%"
"Dec 14, 2015","136.44","136.00","137.72","133.71","2.22M","0.21%"
"Dec 15, 2015","138.11","137.20","138.90","135.20","1.93M","1.22%"
"Dec 16, 2015","139.66","139.26","142.15","138.81","1.84M","1.12%"
"Dec 17, 2015","144.11","141.00","144.80","141.00","1.63M","3.19%"
"Dec 18, 2015","143.81","144.00","145.50","142.75","999.86K","-0.21%"
"Dec 21, 2015","144.00","143.99","145.30","143.20","818.65K","0.13%"
"Dec 22, 2015","142.72","144.30","145.66","142.40","1.02M","-0.89%"
"Dec 23, 2015","145.00","144.00","145.40","143.70","876.85K","1.60%"
"Dec 24, 2015","145.07","145.30","145.86","144.02","496.65K","0.05%"
"Dec 28, 2015","146.32","145.23","147.06","145.00","577.01K","0.86%"
"Dec 29, 2015","146.40","146.60","147.20","145.60","785.25K","0.05%"
"Dec 30, 2015","146.72","146.40","147.31","146.20","445.69K","0.22%"
"Dec 31, 2015","145.23","146.45","147.30","144.80","632.97K","-1.02%"
"Jan 01, 2016","146.46","145.00","147.09","144.61","622.83K","0.85%"
"Jan 04, 2016","141.06","146.51","146.51","140.20","2.08M","-3.69%"
"Jan 05, 2016","141.62","141.79","142.60","139.71","1.27M","0.40%"
"Jan 06, 2016","140.64","142.99","143.31","140.27","1.00M","-0.69%"
"Jan 07, 2016","135.63","138.80","138.80","135.11","2.39M","-3.56%"
"Jan 08, 2016","138.75","137.60","139.84","136.60","1.16M","2.30%"
"Jan 11, 2016","138.92","138.00","141.00","135.27","1.42M","0.12%"
"Jan 12, 2016","134.63","139.79","139.90","133.85","1.54M","-3.09%"
"Jan 13, 2016","136.54","136.20","137.95","132.19","2.04M","1.42%"
"Jan 14, 2016","134.52","135.54","135.55","132.42","1.58M","-1.48%"
"Jan 15, 2016","132.55","136.40","136.65","131.92","1.28M","-1.46%"
"Jan 18, 2016","131.18","132.59","134.05","130.40","1.33M","-1.03%"
"Jan 19, 2016","136.20","131.70","137.28","131.50","1.58M","3.83%"
"Jan 20, 2016","128.93","135.40","135.40","126.45","2.28M","-5.34%"
"Jan 21, 2016","130.79","131.40","134.50","129.44","1.70M","1.44%"
"Jan 22, 2016","136.71","132.64","137.80","132.40","1.74M","4.53%"
"Jan 25, 2016","135.40","140.00","140.00","134.80","878.71K","-0.96%"
"Jan 27, 2016","135.45","135.80","136.80","133.05","940.71K","0.04%"
"Jan 28, 2016","134.71","136.00","137.20","133.80","927.47K","-0.55%"
"Jan 29, 2016","149.38","133.25","149.90","130.25","9.89M","10.89%"
"Feb 01, 2016","154.47","150.40","155.26","148.92","5.76M","3.41%"
"Feb 02, 2016","153.06","154.25","157.00","152.32","3.51M","-0.91%"
"Feb 03, 2016","155.68","150.44","157.65","150.05","2.69M","1.71%"
"Feb 04, 2016","151.98","156.80","157.60","150.84","3.14M","-2.38%"
"Feb 05, 2016","155.47","151.96","155.94","151.86","2.10M","2.30%"
"Feb 08, 2016","153.55","155.40","157.85","152.84","1.76M","-1.23%"
"Feb 09, 2016","149.51","151.05","153.70","148.40","1.89M","-2.63%"
"Feb 10, 2016","146.85","148.41","149.30","145.61","4.66M","-1.78%"
"Feb 11, 2016","142.72","146.27","147.95","142.00","1.85M","-2.81%"
"Feb 12, 2016","145.34","143.30","146.39","138.41","2.20M","1.84%"
"Feb 15, 2016","150.33","147.00","152.18","147.00","1.28M","3.43%"
"Feb 16, 2016","146.61","151.05","151.92","145.29","1.17M","-2.47%"
"Feb 17, 2016","144.17","146.80","147.00","140.20","2.39M","-1.66%"
"Feb 18, 2016","143.00","145.98","147.18","141.41","1.89M","-0.81%"
"Feb 19, 2016","142.80","142.43","144.78","141.72","1.32M","-0.14%"
"Feb 22, 2016","142.53","144.20","144.20","141.85","884.12K","-0.19%"
"Feb 23, 2016","137.15","142.60","143.33","136.38","1.76M","-3.77%"
"Feb 24, 2016","137.90","136.80","140.62","134.40","2.22M","0.55%"
"Feb 25, 2016","134.29","138.40","138.86","133.64","2.27M","-2.62%"
"Feb 26, 2016","137.19","136.50","138.30","133.82","1.77M","2.16%"
"Feb 29, 2016","137.67","138.00","140.82","132.74","3.57M","0.35%"
"Mar 01, 2016","143.70","138.80","144.20","138.35","2.10M","4.38%"
"Mar 02, 2016","150.85","145.40","152.20","145.40","1.76M","4.98%"
"Mar 03, 2016","151.44","151.64","152.00","148.26","1.62M","0.39%"
"Mar 04, 2016","151.87","151.65","153.87","149.05","1.77M","0.28%"
"Mar 08, 2016","152.08","153.40","154.00","150.47","2.07M","0.14%"
"Mar 09, 2016","157.88","150.26","158.70","150.26","3.05M","3.81%"
"Mar 10, 2016","158.48","157.60","160.14","156.78","2.21M","0.38%"
"Mar 11, 2016","159.90","157.65","160.91","157.00","2.13M","0.90%"
"Mar 14, 2016","160.53","160.40","162.00","159.40","1.56M","0.39%"
"Mar 15, 2016","162.23","160.85","163.36","159.63","1.73M","1.06%"
"Mar 16, 2016","160.88","161.98","163.10","159.02","1.53M","-0.83%"
"Mar 17, 2016","159.86","162.37","163.80","158.47","1.24M","-0.63%"
"Mar 18, 2016","162.84","160.60","163.85","159.18","1.39M","1.86%"
"Mar 21, 2016","166.31","163.44","166.89","162.60","1.52M","2.13%"
"Mar 22, 2016","166.83","166.39","167.40","164.58","1.56M","0.31%"
"Mar 23, 2016","169.60","166.00","170.20","165.22","1.49M","1.66%"
"Mar 28, 2016","168.47","169.36","171.84","167.17","1.77M","-0.67%"
"Mar 29, 2016","169.33","168.03","170.85","167.45","963.26K","0.51%"
"Mar 30, 2016","173.18","170.00","174.00","169.71","1.11M","2.27%"
"Mar 31, 2016","172.91","172.20","175.12","171.77","1.73M","-0.16%"
"Apr 01, 2016","171.14","172.02","173.00","170.45","1.43M","-1.02%"
"Apr 04, 2016","173.57","171.00","174.00","171.00","1.03M","1.42%"
"Apr 05, 2016","165.89","171.62","173.00","165.33","2.36M","-4.42%"
"Apr 06, 2016","167.00","167.40","168.45","165.70","1.55M","0.67%"
"Apr 07, 2016","167.05","167.60","168.98","166.21","929.09K","0.03%"
"Apr 08, 2016","169.96","166.00","170.79","166.00","1.04M","1.74%"
"Apr 11, 2016","171.92","170.20","172.50","169.60","5.10M","1.15%"
"Apr 12, 2016","171.89","171.40","173.75","170.81","745.71K","-0.02%"
"Apr 13, 2016","173.90","173.20","175.00","173.20","722.19K","1.17%"
"Apr 18, 2016","178.67","173.00","179.30","172.20","1.35M","2.74%"
"Apr 20, 2016","176.35","178.60","179.06","175.72","1.03M","-1.30%"
"Apr 21, 2016","176.38","178.00","179.56","175.60","1.03M","0.02%"
"Apr 22, 2016","175.16","176.42","177.58","174.60","990.49K","-0.69%"
"Apr 25, 2016","175.70","175.14","177.07","174.29","859.13K","0.31%"
"Apr 26, 2016","182.11","176.00","182.80","175.11","1.79M","3.65%"
"Apr 27, 2016","183.12","183.00","184.78","179.52","5.10M","0.55%"
"Apr 28, 2016","188.99","183.50","190.28","183.00","6.44M","3.21%"
"Apr 29, 2016","188.73","189.66","190.44","185.90","2.34M","-0.14%"
"May 02, 2016","189.05","189.80","191.60","188.42","1.87M","0.17%"
"May 03, 2016","186.40","189.38","190.24","185.70","1.04M","-1.40%"
"May 04, 2016","183.54","186.74","187.80","182.90","1.48M","-1.53%"
"May 05, 2016","182.46","183.65","186.60","181.33","1.96M","-0.59%"
"May 06, 2016","182.01","182.20","183.92","181.28","1.14M","-0.25%"
"May 09, 2016","189.18","182.20","189.68","182.20","2.00M","3.94%"
"May 10, 2016","189.96","189.50","190.57","187.82","1.35M","0.41%"
"May 11, 2016","191.25","187.56","192.40","186.30","2.02M","0.68%"
"May 12, 2016","190.96","191.08","193.39","190.04","1.34M","-0.15%"
"May 13, 2016","189.82","191.01","192.07","188.77","985.74K","-0.60%"
"May 16, 2016","195.87","191.00","197.00","189.11","1.83M","3.19%"
"May 17, 2016","194.07","197.40","200.00","193.60","2.39M","-0.92%"
"May 18, 2016","194.22","193.60","195.54","192.61","1.42M","0.08%"
"May 19, 2016","193.37","194.22","197.44","192.83","856.14K","-0.44%"
"May 20, 2016","195.50","194.06","196.19","192.90","979.94K","1.10%"
"May 23, 2016","195.33","196.22","196.88","194.23","795.31K","-0.09%"
"May 24, 2016","195.38","195.00","197.00","194.22","896.75K","0.03%"
"May 25, 2016","199.24","197.00","199.60","196.88","1.26M","1.98%"
"May 26, 2016","203.69","199.20","205.08","199.20","1.65M","2.23%"
"May 27, 2016","205.34","204.40","208.00","203.64","1.61M","0.81%"
"May 30, 2016","205.10","205.40","207.00","204.50","979.75K","-0.12%"
"May 31, 2016","206.39","204.80","209.00","204.22","1.01M","0.63%"
"Jun 01, 2016","203.43","206.40","206.59","201.14","862.86K","-1.43%"
"Jun 02, 2016","209.73","203.40","210.40","202.26","1.32M","3.10%"
"Jun 03, 2016","209.85","210.45","211.94","208.46","854.00K","0.06%"
"Jun 06, 2016","212.53","210.90","213.73","208.97","1.01M","1.28%"
"Jun 07, 2016","213.26","213.73","217.00","212.48","1.71M","0.34%"
"Jun 08, 2016","210.62","213.00","213.20","209.03","1.01M","-1.24%"
"Jun 09, 2016","208.06","210.22","211.90","207.35","830.79K","-1.22%"
"Jun 10, 2016","212.45","207.20","213.70","207.20","1.88M","2.11%"
"Jun 13, 2016","212.90","211.98","214.40","210.60","1.39M","0.21%"
"Jun 14, 2016","213.09","212.25","214.24","211.62","517.86K","0.09%"
"Jun 15, 2016","214.13","214.20","214.60","211.50","2.84M","0.49%"
"Jun 16, 2016","212.09","212.60","213.40","209.58","777.56K","-0.95%"
"Jun 17, 2016","214.06","213.05","215.00","212.05","1.02M","0.93%"
"Jun 20, 2016","214.95","212.22","215.66","211.08","774.40K","0.42%"
"Jun 21, 2016","214.03","215.60","215.81","213.24","600.21K","-0.43%"
"Jun 22, 2016","215.74","214.03","216.36","213.00","1.07M","0.80%"
"Jun 23, 2016","222.35","215.60","223.00","215.53","1.70M","3.06%"
"Jun 24, 2016","215.99","215.00","217.40","208.41","2.76M","-2.86%"
"Jun 27, 2016","215.26","215.60","218.20","214.46","1.26M","-0.34%"
"Jun 28, 2016","213.83","216.80","216.80","212.56","725.98K","-0.66%"
"Jun 29, 2016","214.70","214.22","216.76","214.00","526.65K","0.41%"
"Jun 30, 2016","221.30","214.91","222.19","214.91","1.43M","3.07%"
"Jul 01, 2016","225.98","221.96","226.80","221.35","1.08M","2.11%"
"Jul 04, 2016","223.86","226.41","228.05","223.00","810.05K","-0.94%"
"Jul 05, 2016","225.11","223.80","226.25","222.70","784.13K","0.56%"
"Jul 07, 2016","222.44","225.04","226.00","222.10","472.46K","-1.19%"
"Jul 08, 2016","223.82","222.44","224.75","221.59","509.88K","0.62%"
"Jul 11, 2016","228.54","226.40","229.72","226.40","636.47K","2.11%"
"Jul 12, 2016","230.75","229.40","231.19","227.75","532.85K","0.97%"
"Jul 13, 2016","229.48","230.60","230.60","227.70","421.62K","-0.55%"
"Jul 14, 2016","233.85","229.48","234.25","229.00","739.89K","1.90%"
"Jul 15, 2016","235.79","233.85","237.13","232.31","707.80K","0.83%"
"Jul 18, 2016","234.95","236.43","236.96","234.14","386.00K","-0.36%"
"Jul 19, 2016","230.72","234.00","234.15","228.72","552.57K","-1.80%"
"Jul 20, 2016","232.29","230.40","233.70","229.80","390.47K","0.68%"
"Jul 21, 2016","230.90","232.04","233.95","230.05","391.50K","-0.60%"
"Jul 22, 2016","231.67","230.15","233.25","229.80","394.55K","0.33%"
"Jul 25, 2016","236.50","232.00","237.95","229.55","773.31K","2.08%"
"Jul 26, 2016","240.05","236.40","242.01","235.62","1.13M","1.50%"
"Jul 27, 2016","240.02","241.00","242.80","235.25","2.93M","-0.01%"
"Jul 28, 2016","244.11","241.90","245.33","240.61","1.44M","1.70%"
"Jul 29, 2016","243.44","245.00","247.18","241.60","831.78K","-0.27%"
"Aug 01, 2016","244.29","244.00","246.85","240.68","497.09K","0.35%"
"Aug 02, 2016","245.70","245.80","248.80","244.63","659.05K","0.58%"
"Aug 03, 2016","246.99","246.00","248.67","243.60","674.44K","0.53%"
"Aug 04, 2016","245.90","248.89","249.00","244.12","563.77K","-0.44%"
"Aug 05, 2016","251.64","246.80","252.00","246.80","1.00M","2.33%"
"Aug 08, 2016","252.87","253.80","253.80","251.16","413.19K","0.49%"
"Aug 09, 2016","251.88","253.40","253.40","250.20","570.92K","-0.39%"
"Aug 10, 2016","252.96","250.26","253.62","249.50","501.47K","0.43%"
"Aug 11, 2016","250.53","253.60","253.60","247.40","824.19K","-0.96%"
"Aug 12, 2016","258.20","251.40","258.80","250.86","1.11M","3.06%"
"Aug 16, 2016","258.98","259.70","262.86","258.44","772.86K","0.30%"
"Aug 17, 2016","261.59","259.38","261.93","257.05","767.78K","1.01%"
"Aug 18, 2016","264.11","261.00","264.94","261.00","454.12K","0.96%"
"Aug 19, 2016","267.33","264.80","267.80","263.42","749.44K","1.22%"
"Aug 22, 2016","268.66","264.41","269.80","264.41","530.62K","0.50%"
"Aug 23, 2016","268.42","269.20","270.18","267.30","592.16K","-0.09%"
"Aug 24, 2016","267.71","268.42","268.70","266.05","520.72K","-0.26%"
"Aug 25, 2016","268.73","267.59","269.94","267.45","1.63M","0.38%"
"Aug 26, 2016","265.25","268.80","269.09","263.90","637.60K","-1.29%"
"Aug 29, 2016","267.46","264.82","267.95","263.58","481.99K","0.83%"
"Aug 30, 2016","271.01","268.00","274.79","268.00","858.57K","1.33%"
"Aug 31, 2016","272.56","271.76","275.00","268.40","723.22K","0.57%"
"Sep 01, 2016","273.13","273.30","275.38","272.30","590.92K","0.21%"
"Sep 02, 2016","277.50","273.03","278.76","272.58","562.35K","1.60%"
"Sep 06, 2016","288.18","278.00","289.80","278.00","1.19M","3.85%"
"Sep 07, 2016","281.08","290.00","290.00","278.49","1.29M","-2.46%"
"Sep 08, 2016","266.13","278.00","278.05","265.00","2.33M","-5.32%"
"Sep 09, 2016","255.45","252.00","263.00","250.07","8.51M","-4.01%"
"Sep 12, 2016","241.07","250.87","250.99","239.61","3.32M","-5.63%"
"Sep 14, 2016","250.68","240.80","251.35","240.74","2.75M","3.99%"
"Sep 15, 2016","244.36","248.60","248.60","241.20","2.01M","-2.52%"
"Sep 16, 2016","233.67","247.00","247.90","231.80","5.10M","-4.37%"
"Sep 19, 2016","235.61","233.00","238.69","231.20","2.61M","0.83%"
"Sep 20, 2016","240.91","237.80","242.43","234.60","2.01M","2.25%"
"Sep 21, 2016","243.54","243.38","245.36","241.80","5.20M","1.09%"
"Sep 22, 2016","249.25","248.40","251.93","246.12","2.29M","2.34%"
"Sep 23, 2016","246.48","249.40","249.78","245.40","847.38K","-1.11%"
"Sep 26, 2016","247.20","244.00","248.38","243.83","976.09K","0.29%"
"Sep 27, 2016","249.25","248.02","250.33","247.71","675.56K","0.83%"
"Sep 28, 2016","253.70","249.30","254.60","249.20","1.46M","1.79%"
"Sep 29, 2016","246.11","255.20","260.80","245.00","2.83M","-2.99%"
"Sep 30, 2016","250.85","246.80","251.75","242.71","1.32M","1.93%"
"Oct 03, 2016","254.22","253.41","256.63","253.00","698.59K","1.34%"
"Oct 04, 2016","256.68","255.40","258.00","254.10","989.20K","0.97%"
"Oct 05, 2016","255.80","257.60","259.40","253.34","676.23K","-0.34%"
"Oct 06, 2016","256.05","245.80","259.00","245.80","2.84M","0.10%"
"Oct 07, 2016","255.02","255.00","256.93","253.28","694.69K","-0.40%"
"Oct 10, 2016","255.89","255.20","257.80","254.90","412.06K","0.34%"
"Oct 13, 2016","251.00","253.80","256.52","247.05","1.05M","-1.91%"
"Oct 14, 2016","251.99","252.02","253.50","248.80","782.08K","0.39%"
"Oct 17, 2016","250.17","252.20","253.50","248.60","687.51K","-0.72%"
"Oct 18, 2016","258.26","251.60","259.26","251.40","1.06M","3.23%"
"Oct 19, 2016","258.37","259.00","261.65","255.75","1.53M","0.04%"
"Oct 20, 2016","261.76","260.00","264.60","259.70","3.23M","1.31%"
"Oct 21, 2016","263.41","263.20","263.97","259.60","1.55M","0.63%"
"Oct 24, 2016","261.75","263.60","265.50","261.02","960.60K","-0.63%"
"Oct 25, 2016","261.57","260.20","262.37","259.77","728.21K","-0.07%"
"Oct 26, 2016","257.76","259.00","262.59","256.60","1.50M","-1.46%"
"Oct 27, 2016","250.85","258.40","259.80","248.51","1.08M","-2.68%"
"Oct 28, 2016","254.38","253.00","255.50","251.65","1.09M","1.41%"
"Oct 30, 2016","253.52","255.36","256.00","252.26","115.04K","-0.34%"
"Nov 01, 2016","249.91","255.00","255.00","249.26","575.42K","-1.42%"
"Nov 02, 2016","242.16","248.03","248.03","240.20","769.41K","-3.10%"
"Nov 03, 2016","241.47","241.22","249.40","238.62","862.03K","-0.28%"
"Nov 04, 2016","239.28","241.80","242.99","234.88","931.52K","-0.91%"
"Nov 07, 2016","241.19","241.00","246.35","240.58","720.07K","0.80%"
"Nov 08, 2016","244.79","242.02","247.14","239.40","751.80K","1.49%"
"Nov 09, 2016","243.84","230.20","245.99","224.58","2.26M","-0.39%"
"Nov 10, 2016","258.14","248.00","262.72","246.83","2.09M","5.86%"
"Nov 11, 2016","243.10","252.00","257.09","242.00","4.43M","-5.83%"
"Nov 15, 2016","231.77","243.74","243.74","230.00","2.39M","-4.66%"
"Nov 16, 2016","235.88","233.60","239.78","226.68","1.84M","1.77%"
"Nov 17, 2016","234.91","240.00","241.72","233.21","1.27M","-0.41%"
"Nov 18, 2016","235.97","236.00","237.20","232.20","1.05M","0.45%"
"Nov 21, 2016","222.50","236.40","237.99","221.13","1.28M","-5.71%"
"Nov 22, 2016","226.34","224.80","227.98","219.10","1.35M","1.73%"
"Nov 23, 2016","225.14","227.20","229.00","223.88","730.83K","-0.53%"
"Nov 24, 2016","223.72","225.20","225.78","221.95","864.21K","-0.63%"
"Nov 25, 2016","233.50","226.20","234.42","224.81","1.19M","4.37%"
"Nov 28, 2016","229.79","228.20","235.00","227.00","1.62M","-1.59%"
"Nov 29, 2016","228.84","230.80","232.67","228.29","907.06K","-0.41%"
"Nov 30, 2016","234.28","229.80","235.34","229.12","1.24M","2.38%"
"Dec 01, 2016","232.32","235.40","236.95","231.45","860.88K","-0.84%"
"Dec 02, 2016","230.00","230.80","232.83","228.78","2.00M","-1.00%"
"Dec 05, 2016","236.64","234.00","237.60","230.02","702.76K","2.89%"
"Dec 06, 2016","238.60","236.80","241.19","235.43","1.38M","0.83%"
"Dec 07, 2016","237.93","238.60","243.98","235.12","1.72M","-0.28%"
"Dec 08, 2016","242.62","238.98","243.40","238.21","651.00K","1.97%"
"Dec 09, 2016","243.73","242.60","245.00","240.90","932.73K","0.46%"
"Dec 12, 2016","238.54","241.10","243.36","237.60","860.09K","-2.13%"
"Dec 13, 2016","241.33","239.00","241.88","236.19","803.55K","1.17%"
"Dec 14, 2016","239.47","240.00","242.00","238.97","502.60K","-0.77%"
"Dec 15, 2016","237.29","238.80","240.90","236.00","827.15K","-0.91%"
"Dec 16, 2016","236.26","238.02","239.17","234.60","1.17M","-0.43%"
"Dec 19, 2016","236.16","236.40","237.66","235.12","565.88K","-0.04%"
"Dec 20, 2016","229.59","236.42","236.77","228.66","1.15M","-2.78%"
"Dec 21, 2016","227.66","230.98","231.18","227.04","1.14M","-0.84%"
"Dec 22, 2016","225.37","227.00","227.00","223.01","870.94K","-1.01%"
"Dec 23, 2016","224.93","224.20","228.00","224.00","1.23M","-0.20%"
"Dec 26, 2016","220.30","224.80","224.80","218.25","818.91K","-2.06%"
"Dec 27, 2016","225.20","221.00","226.28","220.12","469.71K","2.22%"
"Dec 28, 2016","222.78","227.20","227.75","222.20","560.54K","-1.07%"
"Dec 29, 2016","229.77","222.39","231.00","221.25","734.40K","3.14%"
"Dec 30, 2016","231.26","229.60","232.30","229.10","748.23K","0.65%"
"Jan 02, 2017","228.81","231.98","232.39","226.30","744.23K","-1.06%"
"Jan 03, 2017","232.57","228.80","234.45","228.15","769.13K","1.64%"
"Jan 04, 2017","232.67","233.00","234.50","231.80","383.58K","0.04%"
"Jan 05, 2017","241.94","235.00","243.79","233.80","1.56M","3.98%"
"Jan 06, 2017","249.44","242.80","250.18","242.80","1.28M","3.10%"
"Jan 09, 2017","250.81","250.20","253.45","249.68","867.90K","0.55%"
"Jan 10, 2017","252.51","250.80","253.54","250.32","461.30K","0.68%"
"Jan 11, 2017","263.56","254.20","264.42","254.20","1.40M","4.38%"
"Jan 12, 2017","264.95","264.20","268.59","263.60","1.03M","0.53%"
"Jan 13, 2017","263.57","265.64","268.20","261.46","1.60M","-0.52%"
"Jan 16, 2017","265.93","263.20","267.20","262.31","570.02K","0.90%"
"Jan 17, 2017","264.98","266.60","267.15","263.20","498.78K","-0.36%"
"Jan 18, 2017","269.26","265.00","270.06","265.00","757.76K","1.62%"
"Jan 19, 2017","269.43","269.01","271.29","266.42","2.06M","0.06%"
"Jan 20, 2017","271.73","271.20","275.66","270.27","1.49M","0.85%"
"Jan 23, 2017","276.22","272.00","277.40","272.00","1.05M","1.65%"
"Jan 24, 2017","271.97","277.02","282.60","269.42","1.87M","-1.54%"
"Jan 25, 2017","281.20","272.60","282.00","272.60","1.27M","3.39%"
"Jan 27, 2017","279.87","281.30","284.31","278.20","1.41M","-0.47%"
"Jan 30, 2017","277.88","279.60","279.99","276.62","791.62K","-0.71%"
"Jan 31, 2017","279.10","277.00","279.98","276.48","774.52K","0.44%"
"Feb 01, 2017","282.56","280.40","283.20","276.47","1.08M","1.24%"
"Feb 02, 2017","277.75","284.00","284.00","277.14","655.09K","-1.70%"
"Feb 03, 2017","279.45","277.82","280.60","277.20","423.89K","0.61%"
"Feb 06, 2017","279.64","281.00","281.99","278.49","638.86K","0.07%"
"Feb 07, 2017","279.31","279.80","281.00","277.60","546.27K","-0.12%"
"Feb 08, 2017","282.19","279.20","284.34","275.61","915.57K","1.03%"
"Feb 09, 2017","281.42","282.20","284.10","279.02","1.04M","-0.27%"
"Feb 10, 2017","282.11","281.60","283.10","280.60","478.77K","0.25%"
"Feb 13, 2017","290.39","282.20","291.90","281.96","1.13M","2.94%"
"Feb 14, 2017","291.36","291.00","294.19","288.40","834.72K","0.33%"
"Feb 15, 2017","286.29","290.00","292.32","284.00","614.62K","-1.74%"
"Feb 16, 2017","287.24","286.30","289.20","285.35","431.40K","0.33%"
"Feb 17, 2017","288.12","287.24","291.64","287.03","460.14K","0.31%"
"Feb 20, 2017","285.82","287.20","287.94","284.91","322.83K","-0.80%"
"Feb 21, 2017","289.98","285.87","290.68","285.87","391.71K","1.46%"
"Feb 22, 2017","289.66","290.20","291.60","288.40","252.75K","-0.11%"
"Feb 23, 2017","288.92","289.00","291.00","288.00","337.55K","-0.26%"
"Feb 27, 2017","284.36","288.92","289.00","283.20","386.10K","-1.58%"
"Feb 28, 2017","290.56","285.00","291.80","285.00","502.66K","2.18%"
"Mar 01, 2017","290.74","290.60","293.30","288.75","409.53K","0.06%"
"Mar 02, 2017","285.28","291.00","292.08","283.90","395.23K","-1.88%"
"Mar 03, 2017","287.07","283.60","288.09","283.60","309.75K","0.63%"
"Mar 06, 2017","291.91","287.06","292.88","287.06","1.50M","1.69%"
"Mar 07, 2017","289.71","292.40","293.00","288.02","208.36K","-0.75%"
"Mar 08, 2017","294.23","289.80","295.33","289.80","567.41K","1.56%"
"Mar 09, 2017","293.07","294.82","295.94","292.42","693.72K","-0.39%"
"Mar 10, 2017","296.06","293.20","297.19","293.20","1.20M","1.02%"
"Mar 14, 2017","306.37","304.00","307.57","303.20","996.74K","3.48%"
"Mar 15, 2017","306.10","306.00","307.00","303.70","373.85K","-0.09%"
"Mar 16, 2017","305.74","306.40","309.32","304.00","1.18M","-0.12%"
"Mar 17, 2017","301.61","306.60","307.50","300.90","1.69M","-1.35%"
"Mar 20, 2017","302.66","303.02","304.69","301.50","901.74K","0.35%"
"Mar 21, 2017","297.36","305.00","305.00","294.20","888.81K","-1.75%"
"Mar 22, 2017","294.04","295.00","295.30","292.00","490.68K","-1.12%"
"Mar 23, 2017","303.21","295.25","304.08","292.50","1.53M","3.12%"
"Mar 24, 2017","305.78","308.00","308.78","305.02","1.33M","0.85%"
"Mar 27, 2017","305.57","308.00","308.35","304.06","557.59K","-0.07%"
"Mar 28, 2017","307.06","306.00","307.99","305.42","4.46M","0.49%"
"Mar 29, 2017","308.93","306.98","310.98","305.65","534.86K","0.61%"
"Mar 30, 2017","310.39","309.00","311.56","308.10","2.29M","0.47%"
"Mar 31, 2017","309.82","310.00","311.57","307.10","778.64K","-0.18%"